item_id,group_1,group_2
661,0.0,1.0
914,0.0,1.0
3408,0.0,1.0
2355,0.0,1.0
1197,0.0,1.0
1287,0.0,1.0
2804,0.0,1.0
594,0.0,1.0
919,0.0,1.0
595,0.0,1.0
938,0.0,1.0
2398,0.0,1.0
2918,0.0,1.0
1035,0.0,1.0
2791,0.0,1.0
2687,0.0,1.0
2018,0.0,1.0
3105,1.0,0.0
2797,1.0,0.0
2321,0.0,1.0
720,0.0,1.0
1270,0.0,1.0
527,0.0,1.0
2340,0.0,1.0
48,0.0,1.0
1097,0.0,1.0
1721,0.0,1.0
1545,0.0,1.0
745,0.0,1.0
2294,0.0,1.0
3186,0.0,1.0
1566,0.0,1.0
588,0.0,1.0
1907,0.0,1.0
783,0.0,1.0
1836,0.0,1.0
1022,0.0,1.0
2762,0.0,1.0
150,0.0,1.0
1,0.0,1.0
1961,0.0,1.0
1962,0.0,1.0
2692,0.0,1.0
260,0.0,1.0
1028,0.0,1.0
1029,0.0,1.0
1207,0.0,1.0
2028,0.0,1.0
531,1.0,0.0
3114,0.0,1.0
608,0.0,1.0
1246,0.0,1.0
1357,0.0,1.0
3068,0.0,1.0
1537,0.0,1.0
647,0.0,1.0
2194,0.0,1.0
648,0.0,1.0
2268,0.0,1.0
2628,0.0,1.0
1103,0.0,1.0
2916,0.0,1.0
3468,0.0,1.0
1210,0.0,1.0
1792,,
1687,0.0,1.0
1213,0.0,1.0
3578,0.0,1.0
2881,0.0,1.0
3030,0.0,1.0
1217,0.0,1.0
434,0.0,1.0
2126,0.0,1.0
3107,0.0,1.0
3108,0.0,1.0
3035,0.0,1.0
1253,0.0,1.0
1610,0.0,1.0
292,0.0,1.0
2236,0.0,1.0
3071,0.0,1.0
902,0.0,1.0
368,0.0,1.0
1259,0.0,1.0
3147,0.0,1.0
1544,0.0,1.0
1293,0.0,1.0
1188,0.0,1.0
3255,1.0,0.0
3256,0.0,1.0
3257,0.0,1.0
110,0.0,1.0
2278,0.0,1.0
2490,0.0,1.0
1834,0.0,1.0
3471,0.0,1.0
589,0.0,1.0
1690,0.0,1.0
3654,0.0,1.0
2852,0.0,1.0
1945,0.0,1.0
982,0.0,1.0
1873,,
2858,0.0,1.0
1225,0.0,1.0
515,0.0,1.0
442,0.0,1.0
2312,1.0,0.0
265,0.0,1.0
1408,0.0,1.0
1084,0.0,1.0
3699,0.0,1.0
480,0.0,1.0
1442,0.0,1.0
2067,0.0,1.0
1265,0.0,1.0
1370,0.0,1.0
1193,0.0,1.0
1801,0.0,1.0
1372,0.0,1.0
2353,0.0,1.0
3334,0.0,1.0
2427,0.0,1.0
590,0.0,1.0
1196,0.0,1.0
1552,0.0,1.0
736,0.0,1.0
1198,0.0,1.0
593,0.0,1.0
2359,,
95,0.0,1.0
2717,0.0,1.0
2571,1.0,0.0
1917,0.0,1.0
2396,0.0,1.0
3735,0.0,1.0
1953,0.0,1.0
1597,0.0,1.0
3809,0.0,1.0
1954,0.0,1.0
1955,0.0,1.0
235,0.0,1.0
1124,0.0,1.0
1957,0.0,1.0
163,0.0,1.0
21,0.0,1.0
165,0.0,1.0
1090,0.0,1.0
380,0.0,1.0
2501,0.0,1.0
349,0.0,1.0
457,0.0,1.0
1096,0.0,1.0
920,0.0,1.0
459,0.0,1.0
1527,0.0,1.0
3418,0.0,1.0
1385,0.0,1.0
3451,0.0,1.0
3095,0.0,1.0
780,0.0,1.0
498,0.0,1.0
2728,0.0,1.0
2002,0.0,1.0
1784,0.0,1.0
2943,0.0,1.0
2006,0.0,1.0
318,0.0,1.0
1968,0.0,1.0
3678,0.0,1.0
1244,0.0,1.0
356,0.0,1.0
1245,0.0,1.0
3893,,
1247,0.0,1.0
3421,0.0,1.0
1641,0.0,1.0
1394,0.0,1.0
3534,1.0,0.0
104,0.0,1.0
2735,0.0,1.0
1431,0.0,1.0
3868,0.0,1.0
1079,0.0,1.0
2997,0.0,1.0
1615,0.0,1.0
1291,0.0,1.0
653,0.0,1.0
2167,0.0,1.0
1580,0.0,1.0
3619,0.0,1.0
1049,0.0,1.0
1261,0.0,1.0
552,0.0,1.0
1266,0.0,1.0
733,0.0,1.0
1378,0.0,1.0
1379,0.0,1.0
3552,0.0,1.0
1304,0.0,1.0
2470,0.0,1.0
3168,0.0,1.0
2617,0.0,1.0
3671,0.0,1.0
2871,0.0,1.0
2115,0.0,1.0
1136,0.0,1.0
2081,0.0,1.0
2951,0.0,1.0
1214,0.0,1.0
1036,0.0,1.0
3702,0.0,1.0
2366,0.0,1.0
1387,0.0,1.0
3527,0.0,1.0
1201,,
2947,0.0,1.0
1240,0.0,1.0
2987,0.0,1.0
2333,0.0,1.0
1175,0.0,1.0
39,1.0,0.0
288,0.0,1.0
2337,0.0,1.0
1535,0.0,1.0
1392,0.0,1.0
1466,0.0,1.0
860,0.0,1.0
1683,0.0,1.0
866,1.0,0.0
1684,1.0,0.0
2770,0.0,1.0
215,0.0,1.0
1759,0.0,1.0
501,0.0,1.0
506,1.0,0.0
1250,0.0,1.0
3793,,
509,1.0,0.0
41,0.0,1.0
2058,0.0,1.0
3799,,
47,,
2700,,
296,0.0,1.0
581,0.0,1.0
1617,0.0,1.0
728,0.0,1.0
299,1.0,0.0
3079,1.0,0.0
2560,1.0,0.0
1909,,
224,0.0,1.0
3728,0.0,1.0
229,0.0,1.0
6,0.0,1.0
3006,0.0,1.0
1046,1.0,0.0
800,0.0,1.0
50,0.0,1.0
52,0.0,1.0
1191,0.0,1.0
1192,1.0,0.0
3081,0.0,1.0
377,0.0,1.0
1268,0.0,1.0
3083,0.0,1.0
3513,0.0,1.0
2428,0.0,1.0
2282,0.0,1.0
3514,0.0,1.0
1554,0.0,1.0
1912,0.0,1.0
2716,0.0,1.0
1485,0.0,1.0
2289,0.0,1.0
162,,
1127,0.0,1.0
3016,0.0,1.0
2070,0.0,1.0
1704,0.0,1.0
3163,0.0,1.0
2437,0.0,1.0
2291,0.0,1.0
1635,0.0,1.0
1279,0.0,1.0
2721,0.0,1.0
2723,0.0,1.0
1921,0.0,1.0
2725,0.0,1.0
1923,0.0,1.0
2580,0.0,1.0
3386,0.0,1.0
3744,0.0,1.0
968,0.0,1.0
896,0.0,1.0
3020,0.0,1.0
1788,0.0,1.0
176,0.0,1.0
461,1.0,0.0
1429,0.0,1.0
2159,0.0,1.0
1715,1.0,0.0
1643,0.0,1.0
3249,0.0,1.0
3176,0.0,1.0
1719,0.0,1.0
2806,0.0,1.0
2734,0.0,1.0
1649,0.0,1.0
321,0.0,1.0
2013,0.0,1.0
3100,0.0,1.0
2952,0.0,1.0
1794,0.0,1.0
2599,0.0,1.0
1500,,
2959,0.0,1.0
1509,,
1722,0.0,1.0
1650,1.0,0.0
908,0.0,1.0
1653,0.0,1.0
2384,0.0,1.0
1729,0.0,1.0
3476,0.0,1.0
2890,0.0,1.0
3113,0.0,1.0
16,0.0,1.0
2029,0.0,1.0
194,0.0,1.0
551,0.0,1.0
1513,0.0,1.0
3046,1.0,0.0
2318,0.0,1.0
1517,0.0,1.0
1089,0.0,1.0
3260,0.0,1.0
913,0.0,1.0
1730,0.0,1.0
3409,0.0,1.0
2607,0.0,1.0
1449,0.0,1.0
1732,0.0,1.0
1733,0.0,1.0
2390,0.0,1.0
1734,0.0,1.0
3266,0.0,1.0
3267,0.0,1.0
3624,0.0,1.0
2395,0.0,1.0
1594,0.0,1.0
2683,0.0,1.0
412,0.0,1.0
2759,0.0,1.0
994,0.0,1.0
1884,0.0,1.0
1885,0.0,1.0
272,0.0,1.0
24,0.0,1.0
3051,,
348,0.0,1.0
2323,0.0,1.0
1093,0.0,1.0
29,0.0,1.0
562,0.0,1.0
1095,0.0,1.0
1529,0.0,1.0
2188,0.0,1.0
497,0.0,1.0
202,1.0,0.0
1747,0.0,1.0
2908,1.0,0.0
1966,0.0,1.0
3499,0.0,1.0
353,0.0,1.0
32,0.0,1.0
1243,0.0,1.0
1897,1.0,0.0
1171,0.0,1.0
3786,1.0,0.0
34,0.0,1.0
357,0.0,1.0
36,0.0,1.0
714,0.0,1.0
2406,0.0,1.0
1101,0.0,1.0
3717,0.0,1.0
1030,0.0,1.0
1688,0.0,1.0
364,0.0,1.0
3501,0.0,1.0
3072,0.0,1.0
3074,0.0,1.0
3508,0.0,1.0
1043,0.0,1.0
597,0.0,1.0
383,0.0,1.0
2506,0.0,1.0
3524,0.0,1.0
1569,0.0,1.0
2082,0.0,1.0
3600,0.0,1.0
3604,0.0,1.0
2802,0.0,1.0
3536,0.0,1.0
3753,0.0,1.0
3682,0.0,1.0
2017,0.0,1.0
3685,0.0,1.0
3610,0.0,1.0
1296,0.0,1.0
838,0.0,1.0
1007,0.0,1.0
1947,0.0,1.0
2966,0.0,1.0
266,0.0,1.0
17,0.0,1.0
1441,0.0,1.0
1088,0.0,1.0
912,0.0,1.0
199,0.0,1.0
1806,0.0,1.0
2469,0.0,1.0
2100,0.0,1.0
1959,0.0,1.0
1380,0.0,1.0
569,0.0,1.0
1674,0.0,1.0
3565,0.0,1.0
861,0.0,1.0
1997,0.0,1.0
1573,0.0,1.0
474,0.0,1.0
1221,0.0,1.0
2336,0.0,1.0
3425,0.0,1.0
1393,0.0,1.0
1682,0.0,1.0
508,0.0,1.0
3213,0.0,1.0
42,0.0,1.0
650,0.0,1.0
3500,0.0,1.0
3148,0.0,1.0
2702,0.0,1.0
1476,1.0,0.0
1693,0.0,1.0
151,0.0,1.0
510,0.0,1.0
4,0.0,1.0
1621,0.0,1.0
3155,0.0,1.0
58,0.0,1.0
2712,0.0,1.0
2429,0.0,1.0
1840,0.0,1.0
1916,0.0,1.0
1488,0.0,1.0
230,,
1120,0.0,1.0
161,0.0,1.0
1411,0.0,1.0
524,0.0,1.0
1059,0.0,1.0
454,0.0,1.0
1701,0.0,1.0
1274,0.0,1.0
741,0.0,1.0
1277,0.0,1.0
1639,0.0,1.0
3528,1.0,0.0
2297,,
465,0.0,1.0
1711,0.0,1.0
538,0.0,1.0
393,0.0,1.0
2442,0.0,1.0
73,,
3246,0.0,1.0
3173,0.0,1.0
105,0.0,1.0
253,0.0,1.0
3250,0.0,1.0
3252,0.0,1.0
476,0.0,1.0
111,0.0,1.0
3259,0.0,1.0
1589,0.0,1.0
2023,0.0,1.0
14,0.0,1.0
337,0.0,1.0
2314,0.0,1.0
2600,0.0,1.0
269,1.0,0.0
555,0.0,1.0
1660,1.0,0.0
3265,0.0,1.0
1735,0.0,1.0
3481,0.0,1.0
2686,0.0,1.0
2688,0.0,1.0
345,,
2320,0.0,1.0
25,0.0,1.0
2324,,
2329,0.0,1.0
1810,0.0,1.0
2541,0.0,1.0
1673,0.0,1.0
1678,,
1027,0.0,1.0
2699,0.0,1.0
282,0.0,1.0
367,0.0,1.0
223,0.0,1.0
3298,0.0,1.0
3948,,
805,0.0,1.0
3510,0.0,1.0
300,0.0,1.0
1777,0.0,1.0
3301,0.0,1.0
1343,0.0,1.0
3160,0.0,1.0
529,0.0,1.0
3452,0.0,1.0
1060,0.0,1.0
1356,0.0,1.0
1358,0.0,1.0
3178,0.0,1.0
3751,0.0,1.0
3826,0.0,1.0
3755,0.0,1.0
2302,0.0,1.0
1148,0.0,1.0
2166,0.0,1.0
3253,1.0,0.0
1584,0.0,1.0
1223,0.0,1.0
1446,,
3623,0.0,1.0
778,0.0,1.0
1669,1.0,0.0
3484,0.0,1.0
3916,,
1233,0.0,1.0
1307,0.0,1.0
3270,0.0,1.0
1310,0.0,1.0
428,0.0,1.0
2622,0.0,1.0
3358,0.0,1.0
3359,0.0,1.0
1756,0.0,1.0
1320,0.0,1.0
2124,0.0,1.0
2125,0.0,1.0
2054,0.0,1.0
1252,0.0,1.0
1254,0.0,1.0
3869,0.0,1.0
1256,0.0,1.0
1257,0.0,1.0
1831,0.0,1.0
3363,0.0,1.0
586,0.0,1.0
587,0.0,1.0
3438,0.0,1.0
3439,0.0,1.0
3296,0.0,1.0
2496,0.0,1.0
2497,0.0,1.0
2,0.0,1.0
2498,0.0,1.0
153,0.0,1.0
7,0.0,1.0
2133,0.0,1.0
2135,0.0,1.0
2136,0.0,1.0
2137,0.0,1.0
802,0.0,1.0
2138,0.0,1.0
1409,1.0,0.0
1339,0.0,1.0
1269,0.0,1.0
2640,0.0,1.0
592,0.0,1.0
596,0.0,1.0
3447,0.0,1.0
1918,0.0,1.0
2140,0.0,1.0
2072,0.0,1.0
1271,0.0,1.0
1345,0.0,1.0
2077,0.0,1.0
2078,0.0,1.0
1276,0.0,1.0
743,0.0,1.0
671,0.0,1.0
1278,0.0,1.0
3525,0.0,1.0
1927,,
2657,0.0,1.0
3388,0.0,1.0
316,0.0,1.0
317,0.0,1.0
248,0.0,1.0
2080,0.0,1.0
1282,0.0,1.0
1283,0.0,1.0
750,0.0,1.0
2087,0.0,1.0
1286,0.0,1.0
3608,0.0,1.0
2662,0.0,1.0
3466,0.0,1.0
2300,1.0,0.0
180,0.0,1.0
329,0.0,1.0
3034,0.0,1.0
186,0.0,1.0
2161,0.0,1.0
3037,0.0,1.0
2090,0.0,1.0
3039,0.0,1.0
2091,0.0,1.0
830,0.0,1.0
2093,0.0,1.0
904,0.0,1.0
2094,0.0,1.0
1292,0.0,1.0
2096,0.0,1.0
1294,0.0,1.0
765,0.0,1.0
2746,0.0,1.0
1009,0.0,1.0
1948,0.0,1.0
333,0.0,1.0
339,0.0,1.0
2316,0.0,1.0
1371,0.0,1.0
2174,0.0,1.0
1374,0.0,1.0
1375,0.0,1.0
915,0.0,1.0
1376,0.0,1.0
1377,0.0,1.0
916,0.0,1.0
918,0.0,1.0
1012,0.0,1.0
2826,0.0,1.0
3629,0.0,1.0
1015,0.0,1.0
1016,0.0,1.0
1019,,
3489,0.0,1.0
344,0.0,1.0
275,1.0,0.0
2252,0.0,1.0
277,0.0,1.0
923,0.0,1.0
924,0.0,1.0
3701,0.0,1.0
3703,0.0,1.0
926,0.0,1.0
3704,0.0,1.0
1020,0.0,1.0
784,0.0,1.0
858,0.0,1.0
1023,0.0,1.0
1025,0.0,1.0
2693,0.0,1.0
1967,0.0,1.0
351,1.0,0.0
2405,0.0,1.0
2407,0.0,1.0
3066,0.0,1.0
2193,0.0,1.0
932,0.0,1.0
1031,0.0,1.0
1104,0.0,1.0
1032,0.0,1.0
435,0.0,1.0
943,0.0,1.0
3723,0.0,1.0
1042,0.0,1.0
370,0.0,1.0
2423,0.0,1.0
3153,0.0,1.0
2424,1.0,0.0
3086,0.0,1.0
3087,0.0,1.0
953,0.0,1.0
954,0.0,1.0
3591,0.0,1.0
2863,0.0,1.0
3593,0.0,1.0
1125,0.0,1.0
520,0.0,1.0
3668,0.0,1.0
2795,0.0,1.0
1129,0.0,1.0
2431,0.0,1.0
62,0.0,1.0
3309,0.0,1.0
1633,0.0,1.0
2436,0.0,1.0
3097,0.0,1.0
3099,0.0,1.0
3812,0.0,1.0
2000,0.0,1.0
963,0.0,1.0
2001,0.0,1.0
1200,0.0,1.0
2003,0.0,1.0
1203,0.0,1.0
2005,0.0,1.0
1204,0.0,1.0
969,0.0,1.0
2872,0.0,1.0
3675,0.0,1.0
2946,0.0,1.0
898,0.0,1.0
2009,0.0,1.0
2874,0.0,1.0
899,0.0,1.0
1135,0.0,1.0
2948,0.0,1.0
539,1.0,0.0
2371,0.0,1.0
3247,0.0,1.0
3174,0.0,1.0
3175,0.0,1.0
2375,0.0,1.0
2378,0.0,1.0
971,0.0,1.0
2011,0.0,1.0
2012,0.0,1.0
2015,0.0,1.0
1215,0.0,1.0
1073,0.0,1.0
3688,0.0,1.0
541,0.0,1.0
542,0.0,1.0
543,0.0,1.0
3254,0.0,1.0
2453,0.0,1.0
2529,0.0,1.0
1654,0.0,1.0
1583,0.0,1.0
3189,0.0,1.0
116,,
1586,0.0,1.0
2021,0.0,1.0
1220,0.0,1.0
1080,0.0,1.0
2967,0.0,1.0
2968,0.0,1.0
2530,0.0,1.0
3264,1.0,0.0
3194,0.0,1.0
2393,0.0,1.0
3198,0.0,1.0
2399,0.0,1.0
1302,0.0,1.0
1230,0.0,1.0
2105,0.0,1.0
2033,0.0,1.0
2108,0.0,1.0
1234,0.0,1.0
2109,0.0,1.0
1091,0.0,1.0
3347,0.0,1.0
203,,
1676,0.0,1.0
208,0.0,1.0
2111,0.0,1.0
2040,0.0,1.0
2041,0.0,1.0
3928,,
2043,0.0,1.0
2045,0.0,1.0
2046,0.0,1.0
2047,0.0,1.0
2049,0.0,1.0
1753,1.0,0.0
216,1.0,0.0
2706,0.0,1.0
2639,0.0,1.0
2710,0.0,1.0
663,0.0,1.0
3448,,
231,0.0,1.0
2076,0.0,1.0
246,0.0,1.0
249,0.0,1.0
1288,0.0,1.0
3396,0.0,1.0
3101,0.0,1.0
2598,0.0,1.0
2306,0.0,1.0
764,0.0,1.0
342,0.0,1.0
1887,0.0,1.0
2325,0.0,1.0
3129,0.0,1.0
2907,0.0,1.0
788,0.0,1.0
2766,0.0,1.0
2335,0.0,1.0
1461,0.0,1.0
3146,0.0,1.0
1546,0.0,1.0
440,0.0,1.0
441,0.0,1.0
2507,0.0,1.0
1563,0.0,1.0
1498,0.0,1.0
2883,0.0,1.0
3182,0.0,1.0
85,,
88,1.0,0.0
986,0.0,1.0
481,0.0,1.0
2539,0.0,1.0
1665,0.0,1.0
2106,0.0,1.0
708,0.0,1.0
3362,0.0,1.0
813,,
3897,,
934,0.0,1.0
3658,0.0,1.0
1303,0.0,1.0
999,0.0,1.0
2616,0.0,1.0
3785,0.0,1.0
1331,0.0,1.0
1262,0.0,1.0
2641,0.0,1.0
3036,0.0,1.0
3479,0.0,1.0
10,0.0,1.0
2822,0.0,1.0
3494,,
421,1.0,0.0
3070,,
2414,0.0,1.0
1479,0.0,1.0
517,0.0,1.0
952,0.0,1.0
60,0.0,1.0
3745,0.0,1.0
2370,0.0,1.0
1216,,
2528,0.0,1.0
1587,0.0,1.0
3269,0.0,1.0
3417,0.0,1.0
3354,0.0,1.0
1263,0.0,1.0
2572,0.0,1.0
2731,0.0,1.0
3033,0.0,1.0
2243,0.0,1.0
2694,0.0,1.0
2920,,
1982,0.0,1.0
2976,0.0,1.0
2485,0.0,1.0
141,0.0,1.0
3798,0.0,1.0
2707,0.0,1.0
2567,0.0,1.0
3004,0.0,1.0
3005,0.0,1.0
2719,0.0,1.0
160,0.0,1.0
748,0.0,1.0
2724,0.0,1.0
2581,0.0,1.0
1783,0.0,1.0
1422,0.0,1.0
3461,0.0,1.0
3535,1.0,0.0
257,,
832,0.0,1.0
762,0.0,1.0
2676,0.0,1.0
1883,0.0,1.0
2763,0.0,1.0
3566,0.0,1.0
2764,0.0,1.0
1892,0.0,1.0
1608,0.0,1.0
1396,0.0,1.0
2840,0.0,1.0
2841,0.0,1.0
3646,0.0,1.0
500,0.0,1.0
3145,,
2272,0.0,1.0
2273,0.0,1.0
1619,0.0,1.0
1625,0.0,1.0
1487,0.0,1.0
1702,0.0,1.0
2433,0.0,1.0
70,0.0,1.0
1644,0.0,1.0
1645,,
2882,0.0,1.0
2387,0.0,1.0
2389,0.0,1.0
2961,0.0,1.0
553,0.0,1.0
628,0.0,1.0
3261,0.0,1.0
2605,0.0,1.0
1804,0.0,1.0
1805,0.0,1.0
2391,0.0,1.0
2394,0.3333333333333333,0.6666666666666667
3773,0.0,1.0
1092,0.0,1.0
1672,0.0,1.0
2555,0.0,1.0
2629,0.0,1.0
2701,0.0,1.0
2568,0.0,1.0
2713,0.0,1.0
1911,1.0,0.0
3516,,
2643,0.0,1.0
2720,0.0,1.0
2722,0.0,1.0
2805,0.0,1.0
2828,0.0,1.0
2761,0.0,1.0
2856,0.0,1.0
2369,1.0,0.0
2888,0.0,1.0
2392,0.0,1.0
2975,0.0,1.0
1179,0.0,1.0
2553,0.0,1.0
2554,0.0,1.0
3932,,
3863,0.0,1.0
1185,0.0,1.0
3503,0.0,1.0
3879,,
3375,0.0,1.0
1779,0.0,1.0
164,0.0,1.0
3457,0.0,1.0
319,0.0,1.0
247,0.0,1.0
1428,0.0,1.0
1284,0.0,1.0
2660,0.0,1.0
2661,0.0,1.0
2663,0.0,1.0
2664,0.0,1.0
2667,0.0,1.0
2668,0.0,1.0
3032,0.0,1.0
2311,0.0,1.0
2173,,
198,1.0,0.0
2752,0.0,1.0
340,0.0,1.0
3700,0.0,1.0
2901,0.0,1.0
3638,0.0,1.0
30,0.0,1.0
1601,0.0,1.0
3713,0.0,1.0
2912,0.0,1.0
3576,0.0,1.0
503,0.0,1.0
293,0.0,1.0
1614,0.0,1.0
2346,0.0,1.0
942,0.0,1.0
446,0.0,1.0
1624,1.0,0.0
3156,0.0,1.0
2287,0.0,1.0
2288,0.0,1.0
3662,0.0,1.0
3594,0.0,1.0
3300,0.0,1.0
1206,0.0,1.0
1069,,
76,0.0,1.0
2377,0.0,1.0
2010,0.0,1.0
3827,0.0,1.0
610,0.0,1.0
1077,0.0,1.0
2526,0.0,1.0
2527,0.0,1.0
2454,0.0,1.0
2455,0.0,1.0
3696,0.0,1.0
2533,0.0,1.0
1301,0.0,1.0
707,0.0,1.0
2613,0.0,1.0
2542,0.0,1.0
496,0.0,1.0
2549,0.0,1.0
1748,0.0,1.0
3927,,
2116,0.0,1.0
2117,0.0,1.0
2985,0.0,1.0
2989,0.0,1.0
2123,0.0,1.0
2052,0.0,1.0
2993,0.0,1.0
1186,0.0,1.0
222,0.0,1.0
158,0.0,1.0
3877,,
2139,0.0,1.0
3440,0.0,1.0
737,0.0,1.0
2718,0.0,1.0
2573,0.0,1.0
302,0.0,1.0
232,0.0,1.0
2141,0.0,1.0
2142,0.0,1.0
168,0.0,1.0
2143,0.0,1.0
2145,0.0,1.0
1344,0.0,1.0
3889,,
1275,0.0,1.0
3526,0.0,1.0
313,0.0,1.0
2153,0.0,1.0
2083,0.0,1.0
2085,0.0,1.0
2089,0.0,1.0
2807,0.0,1.0
2739,0.0,1.0
3397,0.0,1.0
3398,0.0,1.0
3399,0.0,1.0
327,1.0,0.0
1367,0.0,1.0
839,0.0,1.0
1005,0.0,1.0
405,0.0,1.0
1876,1.0,0.0
261,1.0,0.0
262,0.0,1.0
2248,0.0,1.0
1013,,
1882,0.0,1.0
1956,0.0,1.0
26,0.0,1.0
2253,0.0,1.0
3705,0.0,1.0
3633,0.0,1.0
3635,0.0,1.0
1960,0.0,1.0
3639,0.0,1.0
2402,0.0,1.0
2404,0.0,1.0
1606,0.0,1.0
1391,0.0,1.0
1033,0.0,1.0
291,1.0,0.0
44,0.0,1.0
2348,0.0,1.0
940,0.0,1.0
2421,,
2422,0.0,1.0
1126,0.0,1.0
1562,0.0,1.0
1499,0.0,1.0
1064,0.0,1.0
532,0.0,1.0
466,0.0,1.0
2373,0.0,1.0
2014,0.0,1.0
2953,0.0,1.0
2019,,
616,0.0,1.0
546,0.5,0.5
2450,0.0,1.0
475,0.0,1.0
86,0.0,1.0
2020,0.0,1.0
2025,0.0,1.0
2893,0.0,1.0
3698,0.0,1.0
485,0.0,1.0
1591,,
1739,0.0,1.0
3911,,
1094,0.0,1.0
493,0.0,1.0
2042,0.0,1.0
1242,0.0,1.0
3930,,
1321,0.0,1.0
2990,0.0,1.0
2991,0.0,1.0
1327,0.0,1.0
1258,0.0,1.0
2633,0.0,1.0
2638,0.0,1.0
1407,0.0,1.0
1334,0.0,1.0
2064,0.0,1.0
2644,0.0,1.0
2646,0.0,1.0
2647,0.0,1.0
2574,0.0,1.0
1772,0.0,1.0
2648,0.0,1.0
2649,0.0,1.0
1340,0.0,1.0
2653,0.0,1.0
1350,0.0,1.0
2160,0.0,1.0
330,0.0,1.0
1373,0.0,1.0
842,0.0,1.0
785,0.0,1.0
2836,0.0,1.0
420,0.0,1.0
3208,0.0,1.0
2338,0.0,1.0
2195,0.0,1.0
1974,0.0,1.0
879,0.0,1.0
2782,0.0,1.0
2789,0.0,1.0
3082,0.0,1.0
2860,0.0,1.0
2790,0.0,1.0
3596,0.0,1.0
1994,0.0,1.0
2502,0.0,1.0
2367,0.0,1.0
2296,0.0,1.0
2004,0.0,1.0
2949,0.0,1.0
1717,0.0,1.0
2376,0.0,1.0
3752,,
1219,0.0,1.0
3325,0.0,1.0
1655,0.0,1.0
2103,0.0,1.0
3273,0.0,1.0
1694,0.0,1.0
1468,0.0,1.0
585,1.0,0.0
3000,,
2800,0.0,1.0
3053,0.0,1.0
3268,0.0,1.0
3774,0.0,1.0
3355,0.0,1.0
1754,0.0,1.0
145,0.0,1.0
1689,0.0,1.0
2122,0.0,1.0
2134,0.0,1.0
1405,0.0,1.0
3017,0.0,1.0
1347,0.0,1.0
818,1.0,0.0
3450,0.0,1.0
678,0.0,1.0
312,0.0,1.0
173,0.0,1.0
2150,0.0,1.0
1425,0.0,1.0
3896,,
1799,0.0,1.0
256,0.0,1.0
185,0.0,1.0
2163,0.0,1.0
1438,0.0,1.0
833,0.0,1.0
2671,0.0,1.0
910,0.0,1.0
2249,0.0,1.0
771,,
849,0.0,1.0
3120,0.0,1.0
3052,0.0,1.0
2189,0.0,1.0
786,0.0,1.0
429,0.0,1.0
2263,0.0,1.0
2265,0.0,1.0
1034,0.0,1.0
798,0.0,1.0
799,0.0,1.0
1037,,
3210,1.0,0.0
2413,0.0,1.0
2416,0.0,1.0
1047,0.0,1.0
3660,0.0,1.0
3661,,
2792,0.0,1.0
1991,0.0,1.0
2794,1.0,0.0
65,0.0,1.0
1205,0.0,1.0
3243,0.0,1.0
2374,0.0,1.0
473,0.0,1.0
81,0.0,1.0
3258,0.0,1.0
112,0.0,1.0
3835,0.0,1.0
1222,0.0,1.0
3917,,
2478,0.0,1.0
1248,0.0,1.0
1249,0.0,1.0
3420,0.0,1.0
3505,0.0,1.0
1189,0.0,1.0
3507,0.0,1.0
3435,0.0,1.0
659,0.0,1.0
2202,0.0,1.0
1267,0.0,1.0
1199,0.0,1.0
2642,0.0,1.0
1845,0.0,1.0
3952,,
2148,0.0,1.0
2149,0.0,1.0
3521,0.0,1.0
674,0.0,1.0
2726,0.0,1.0
2808,0.0,1.0
3104,0.0,1.0
187,1.0,0.0
903,0.0,1.0
3618,0.0,1.0
3474,0.0,1.0
11,0.0,1.0
2241,0.0,1.0
3044,0.0,1.0
196,0.0,1.0
911,0.0,1.0
2176,0.0,1.0
3551,0.0,1.0
3556,1.0,0.0
1958,0.0,1.0
2322,0.0,1.0
2259,0.0,1.0
1388,0.0,1.0
3634,0.0,1.0
3708,0.0,1.0
1965,0.0,1.0
2409,0.0,1.0
2917,0.0,1.0
431,0.0,1.0
2410,0.0,1.0
2411,0.0,1.0
45,0.0,1.0
2419,0.0,1.0
951,0.0,1.0
521,0.0,1.0
3740,0.0,1.0
3741,0.0,1.0
2511,0.0,1.0
1212,0.0,1.0
1218,0.0,1.0
3763,0.0,1.0
1227,0.0,1.0
556,0.5,0.5
3338,0.0,1.0
125,0.0,1.0
3770,0.0,1.0
1306,,
2973,0.0,1.0
3920,,
1313,0.0,1.0
2118,0.0,1.0
2119,0.0,1.0
3424,0.0,1.0
3361,0.0,1.0
2132,0.0,1.0
303,0.0,1.0
2144,0.0,1.0
175,0.0,1.0
2301,0.0,1.0
2245,0.0,1.0
2757,0.0,1.0
3707,0.0,1.0
425,0.0,1.0
2915,0.0,1.0
372,0.0,1.0
2352,0.0,1.0
1057,0.0,1.0
468,,
1663,0.0,1.0
2709,0.0,1.0
157,0.0,1.0
1920,0.0,1.0
688,0.0,1.0
3676,0.0,1.0
3422,0.0,1.0
3423,0.0,1.0
719,0.0,1.0
3426,0.0,1.0
3287,1.0,0.0
2558,1.0,0.0
217,0.0,1.0
2053,,
2059,1.0,0.0
724,0.0,1.0
3502,0.0,1.0
3506,0.0,1.0
3360,0.0,1.0
1833,0.0,1.0
3,0.0,1.0
5,0.0,1.0
804,0.0,1.0
3441,0.0,1.0
234,0.0,1.0
236,0.0,1.0
237,0.0,1.0
2146,0.0,1.0
673,0.0,1.0
315,0.0,1.0
2154,0.0,1.0
1285,0.0,1.0
252,0.0,1.0
3614,0.0,1.0
1298,0.0,1.0
3543,0.0,1.0
1003,0.0,1.0
694,0.0,1.0
3040,0.0,1.0
2313,0.0,1.0
267,0.0,1.0
195,0.0,1.0
2247,0.0,1.0
1880,0.0,1.0
413,0.0,1.0
416,0.0,1.0
1888,0.0,1.0
276,0.0,1.0
278,0.0,1.0
3056,0.0,1.0
1381,1.0,0.0
1457,0.0,1.0
852,0.0,1.0
2906,0.0,1.0
1021,0.0,1.0
350,0.0,1.0
424,0.0,1.0
3130,0.0,1.0
2403,0.0,1.0
3206,,
3063,1.0,0.0
2261,0.0,1.0
38,0.0,1.0
2262,0.0,1.0
1463,0.0,1.0
1390,0.0,1.0
2266,0.0,1.0
2269,0.0,1.0
1100,0.0,1.0
432,0.0,1.0
2779,0.0,1.0
361,0.0,1.0
2412,0.0,1.0
1541,0.0,1.0
3219,0.0,1.0
2418,0.0,1.0
3584,0.0,1.0
511,0.0,1.0
518,0.0,1.0
445,0.0,1.0
2420,0.0,1.0
3152,0.0,1.0
378,0.0,1.0
1556,0.0,1.0
3590,0.0,1.0
450,0.0,1.0
2798,0.0,1.0
381,0.0,1.0
455,0.0,1.0
1703,0.0,1.0
3308,0.0,1.0
64,0.0,1.0
3098,0.0,1.0
2942,0.0,1.0
2875,0.0,1.0
605,0.0,1.0
609,0.0,1.0
463,0.0,1.0
1713,0.0,1.0
1640,,
467,,
74,0.0,1.0
3248,0.0,1.0
2447,0.0,1.0
2950,0.0,1.0
3684,0.0,1.0
3686,0.0,1.0
612,0.0,1.0
540,0.0,1.0
3689,0.0,1.0
471,0.0,1.0
472,0.0,1.0
2459,0.0,1.0
1588,0.0,1.0
118,0.0,1.0
3690,0.0,1.0
550,0.0,1.0
3331,0.0,1.0
3263,0.0,1.0
487,0.0,1.0
2463,0.0,1.0
94,0.0,1.0
122,0.0,1.0
1593,0.0,1.0
3846,0.0,1.0
491,0.0,1.0
3274,0.0,1.0
2473,0.0,1.0
499,0.0,1.0
207,0.0,1.0
135,0.0,1.0
1180,0.0,1.0
3364,0.0,1.0
2066,0.0,1.0
3469,0.0,1.0
905,0.0,1.0
922,,
2186,0.0,1.0
930,0.0,1.0
947,0.0,1.0
3730,0.0,1.0
955,0.0,1.0
528,0.0,1.0
3683,0.0,1.0
1237,0.0,1.0
2550,0.0,1.0
144,0.0,1.0
901,0.0,1.0
906,0.0,1.0
3548,0.0,1.0
334,0.0,1.0
846,0.0,1.0
928,0.0,1.0
1208,0.0,1.0
1224,0.0,1.0
3366,0.0,1.0
3370,0.0,1.0
1785,0.0,1.0
3102,0.0,1.0
3062,0.0,1.0
3726,0.0,1.0
2363,0.0,1.0
2944,0.0,1.0
3836,0.0,1.0
3769,0.0,1.0
1085,0.0,1.0
3405,0.0,1.0
2534,0.0,1.0
3197,0.0,1.0
494,0.0,1.0
1176,0.0,1.0
3943,,
3949,,
1922,,
3554,1.0,0.0
1041,0.0,1.0
1657,0.0,1.0
2544,0.0,1.0
2208,0.0,1.0
2065,0.0,1.0
3012,0.0,1.0
3022,0.0,1.0
3028,0.0,1.0
1281,0.0,1.0
3462,0.0,1.0
1937,0.0,1.0
1297,1.0,0.0
2747,0.0,1.0
921,0.0,1.0
3200,0.0,1.0
933,0.0,1.0
3640,0.0,1.0
1976,,
946,0.0,1.0
2922,0.0,1.0
2780,0.0,1.0
3088,0.0,1.0
957,0.0,1.0
2935,0.0,1.0
2936,0.0,1.0
3096,0.0,1.0
961,0.0,1.0
2870,0.0,1.0
3244,0.0,1.0
1235,0.0,1.0
3341,0.0,1.0
3349,0.0,1.0
3429,0.0,1.0
3286,0.0,1.0
28,0.0,1.0
3159,0.0,1.0
3821,0.0,1.0
3787,1.0,0.0
1680,0.0,1.0
3935,,
1183,0.0,1.0
3504,0.0,1.0
2637,0.0,1.0
2565,0.0,1.0
154,0.0,1.0
1699,0.0,1.0
2206,0.0,1.0
1333,0.0,1.0
3018,0.0,1.0
3019,0.0,1.0
2071,0.0,1.0
1272,0.0,1.0
1348,0.0,1.0
2650,0.0,1.0
2303,0.0,1.0
1295,0.0,1.0
907,0.0,1.0
1299,,
3546,0.0,1.0
2817,0.0,1.0
2674,0.0,1.0
1946,0.0,1.0
3110,,
3111,0.0,1.0
2178,0.0,1.0
1017,0.0,1.0
3121,1.0,0.0
2183,0.0,1.0
927,0.0,1.0
3498,0.0,1.0
3203,0.0,1.0
3204,0.0,1.0
1464,0.0,1.0
931,0.0,1.0
2344,0.0,1.0
2921,0.0,1.0
949,0.0,1.0
3727,1.0,0.0
2926,0.0,1.0
3587,0.0,1.0
3733,0.0,1.0
2932,0.0,1.0
2867,0.0,1.0
3599,0.0,1.0
3230,0.0,1.0
3167,0.0,1.0
3169,0.0,1.0
2941,0.0,1.0
1130,0.0,1.0
1061,0.0,1.0
3681,0.0,1.0
3760,0.0,1.0
3693,0.0,1.0
1152,0.0,1.0
1086,0.0,1.0
2467,0.0,1.0
1300,0.0,1.0
3844,0.0,1.0
1231,0.0,1.0
3340,0.0,1.0
2612,0.0,1.0
565,0.0,1.0
3271,0.0,1.0
2983,0.0,1.0
1835,0.0,1.0
3387,0.0,1.0
837,0.0,1.0
1895,1.0,0.0
3712,0.0,1.0
3597,0.0,1.0
2796,0.0,1.0
2432,0.0,1.0
2379,0.0,1.0
2380,0.0,1.0
2382,0.0,1.0
2383,0.0,1.0
2471,0.0,1.0
1251,0.0,1.0
2708,1.0,0.0
1760,0.0,1.0
3365,0.0,1.0
155,0.0,1.0
3871,,
803,1.0,0.0
1264,0.0,1.0
3512,1.0,0.0
2575,0.0,1.0
1419,0.0,1.0
824,0.0,1.0
2088,0.0,1.0
2732,0.0,1.0
3467,0.0,1.0
2238,1.0,0.0
2239,0.0,1.0
3473,0.0,1.0
3549,0.0,1.0
1949,0.0,1.0
2171,,
2682,0.0,1.0
3567,0.0,1.0
1964,0.0,1.0
3060,0.0,1.0
2331,0.0,1.0
3061,0.0,1.0
863,1.0,0.0
2919,0.0,1.0
3649,0.0,1.0
945,0.0,1.0
3725,0.0,1.0
948,0.0,1.0
3091,0.0,1.0
965,0.0,1.0
3320,0.0,1.0
1078,0.0,1.0
2385,0.0,1.0
3831,0.0,1.0
1081,0.0,1.0
2969,1.0,0.0
123,0.0,1.0
1162,0.0,1.0
2611,0.0,1.0
2474,0.0,1.0
3852,,
1172,0.0,1.0
3788,0.0,1.0
1827,0.0,1.0
233,0.0,1.0
172,0.0,1.0
178,0.0,1.0
2155,,
2815,0.0,1.0
1875,1.0,0.0
3480,0.0,1.0
2250,0.0,1.0
3706,0.0,1.0
1963,0.0,1.0
1603,0.0,1.0
2334,0.0,1.0
1395,0.0,1.0
2774,1.0,0.0
507,0.0,1.0
3142,0.0,1.0
1616,1.0,0.0
449,0.0,1.0
1480,0.0,1.0
1147,0.0,1.0
3697,0.0,1.0
3196,0.0,1.0
2972,0.0,1.0
2540,0.0,1.0
3864,0.0,1.0
1977,0.0,1.0
1353,1.0,0.0
691,0.0,1.0
2677,0.0,1.0
13,0.0,1.0
779,0.0,1.0
1894,0.0,1.0
46,1.0,0.0
1620,0.0,1.0
92,0.0,1.0
490,0.0,1.0
2772,0.0,1.0
3157,0.0,1.0
2027,0.0,1.0
3519,0.0,1.0
2669,,
258,0.0,1.0
2816,0.0,1.0
2748,0.0,1.0
3628,0.0,1.0
3643,0.0,1.0
2430,0.0,1.0
897,0.0,1.0
976,0.0,1.0
2524,0.0,1.0
3406,0.0,1.0
2537,0.0,1.0
3412,0.0,1.0
1658,0.0,1.0
2546,0.0,1.0
3937,,
1924,0.0,1.0
1518,0.0,1.0
3555,0.0,1.0
2681,,
2408,0.0,1.0
379,0.0,1.0
3802,0.0,1.0
880,0.0,1.0
3807,0.0,1.0
66,0.0,1.0
3758,,
2520,0.0,1.0
2456,0.0,1.0
1590,0.0,1.0
2034,0.0,1.0
3780,0.0,1.0
2986,0.0,1.0
3011,,
2097,0.0,1.0
3612,0.0,1.0
1952,0.0,1.0
2846,,
1983,,
1984,0.0,1.0
1985,0.0,1.0
1986,0.0,1.0
891,0.0,1.0
107,0.0,1.0
3251,0.0,1.0
2460,0.0,1.0
2461,0.0,1.0
2462,0.0,1.0
3771,0.0,1.0
2107,0.0,1.0
2110,0.0,1.0
1821,0.0,1.0
3284,0.0,1.0
140,0.0,1.0
218,0.0,1.0
3436,0.0,1.0
2491,0.0,1.0
2492,,
2205,0.0,1.0
3873,,
3874,,
1914,0.0,1.0
305,0.0,1.0
1414,0.0,1.0
1782,0.0,1.0
753,0.0,1.0
2738,0.0,1.0
900,0.0,1.0
2168,1.0,0.0
3540,0.0,1.0
909,0.0,1.0
697,0.0,1.0
3045,0.0,1.0
1014,,
2829,0.0,1.0
1018,0.0,1.0
1453,0.0,1.0
1600,0.0,1.0
355,0.0,1.0
35,0.0,1.0
287,0.0,1.0
289,0.0,1.0
2339,1.0,0.0
1398,0.0,1.0
937,0.0,1.0
2849,0.0,1.0
2415,0.0,1.0
2417,0.0,1.0
3076,0.0,1.0
371,0.0,1.0
447,0.0,1.0
2426,0.0,1.0
2356,0.0,1.0
1632,0.0,1.0
2292,0.0,1.0
3814,0.0,1.0
2443,0.0,1.0
469,0.0,1.0
1571,0.0,1.0
2884,0.0,1.0
1226,0.0,1.0
1083,0.0,1.0
489,0.0,1.0
2468,1.0,0.0
1666,0.0,1.0
2037,0.0,1.0
633,,
492,0.0,1.0
566,0.0,1.0
205,1.0,0.0
1677,0.0,1.0
3280,0.0,1.0
3939,,
847,,
1969,0.0,1.0
1102,0.0,1.0
1970,0.0,1.0
1971,0.0,1.0
1972,0.0,1.0
1973,1.0,0.0
1975,0.0,1.0
1978,0.0,1.0
1979,0.0,1.0
366,0.0,1.0
1980,0.0,1.0
1981,0.0,1.0
3677,0.0,1.0
2523,0.0,1.0
575,1.0,0.0
2050,0.0,1.0
599,,
2152,0.0,1.0
1359,0.0,1.0
829,0.0,1.0
835,1.0,0.0
836,0.0,1.0
1526,0.0,1.0
1459,0.0,1.0
2401,0.0,1.0
1602,0.0,1.0
1474,,
3404,0.0,1.0
2531,0.0,1.0
2532,0.0,1.0
991,0.0,1.0
996,0.0,1.0
1752,0.0,1.0
1762,0.0,1.0
239,0.0,1.0
170,0.0,1.0
1931,0.0,1.0
1797,0.0,1.0
3615,0.0,1.0
1944,0.0,1.0
3477,0.0,1.0
336,0.0,1.0
15,0.0,1.0
19,0.0,1.0
1010,0.0,1.0
1011,0.0,1.0
3483,0.0,1.0
2827,0.0,1.0
410,0.0,1.0
346,0.0,1.0
419,1.0,0.0
423,0.0,1.0
280,0.0,1.0
360,0.0,1.0
2857,0.0,1.0
513,0.0,1.0
514,0.0,1.0
516,1.0,0.0
374,0.0,1.0
54,1.0,0.0
376,0.0,1.0
453,0.0,1.0
533,0.0,1.0
534,0.0,1.0
2016,0.0,1.0
2965,0.0,1.0
486,0.0,1.0
3926,,
159,0.0,1.0
1054,0.0,1.0
89,0.0,1.0
3861,0.0,1.0
3509,0.0,1.0
3390,0.0,1.0
3616,1.0,0.0
23,0.0,1.0
2007,1.0,0.0
1337,0.0,1.0
2500,0.0,1.0
3617,0.0,1.0
3553,0.0,1.0
886,0.0,1.0
93,0.0,1.0
1177,0.0,1.0
571,0.0,1.0
718,0.0,1.0
2120,,
1184,0.0,1.0
580,,
1190,0.0,1.0
735,0.0,1.0
1342,0.0,1.0
1417,1.0,0.0
1352,0.0,1.0
1280,0.0,1.0
2232,0.0,1.0
2162,0.0,1.0
2165,0.0,1.0
1290,0.0,1.0
1365,0.0,1.0
766,1.0,0.0
2315,0.0,1.0
1522,,
2328,0.0,1.0
2264,0.0,1.0
3067,0.0,1.0
1609,0.0,1.0
1611,0.0,1.0
3078,0.0,1.0
2349,0.0,1.0
1623,0.0,1.0
1627,0.0,1.0
1483,0.0,1.0
950,0.0,1.0
3307,0.0,1.0
3092,0.0,1.0
893,0.0,1.0
2517,0.0,1.0
100,0.0,1.0
3179,0.0,1.0
1648,0.0,1.0
3326,0.0,1.0
1726,0.0,1.0
2606,0.0,1.0
126,0.0,1.0
3342,0.0,1.0
1816,0.0,1.0
3285,0.0,1.0
1686,0.0,1.0
148,0.0,1.0
3437,0.0,1.0
1769,0.0,1.0
1913,0.0,1.0
1848,0.0,1.0
307,0.0,1.0
309,,
242,,
177,0.0,1.0
3605,0.0,1.0
3464,0.0,1.0
1861,,
3393,0.0,1.0
322,0.0,1.0
326,0.0,1.0
184,0.0,1.0
259,0.0,1.0
188,0.0,1.0
3478,0.0,1.0
190,0.0,1.0
193,0.0,1.0
18,0.25,0.75
268,0.0,1.0
3620,0.0,1.0
3550,0.0,1.0
2750,0.0,1.0
1950,0.0,1.0
3557,0.0,1.0
341,1.0,0.0
415,0.0,1.0
22,0.0,1.0
427,1.0,0.0
281,0.0,1.0
358,0.0,1.0
3571,0.0,1.0
436,0.0,1.0
290,0.0,1.0
365,0.0,1.0
2851,,
2781,0.0,1.0
2787,0.0,1.0
519,0.0,1.0
448,0.0,1.0
55,0.0,1.0
1051,0.0,1.0
2793,0.0,1.0
522,0.0,1.0
382,0.0,1.0
456,0.0,1.0
3747,1.0,0.0
1211,,
2956,0.0,1.0
611,0.0,1.0
617,0.0,1.0
3764,0.0,1.0
482,0.0,1.0
3918,,
3919,,
1305,0.0,1.0
2038,0.0,1.0
561,,
2112,0.0,1.0
2114,0.0,1.0
1173,0.0,1.0
3049,0.0,1.0
3217,0.0,1.0
2788,0.0,1.0
3672,0.0,1.0
2786,0.0,1.0
3794,0.0,1.0
3797,1.0,0.0
2310,0.0,1.0
3820,,
3694,,
1228,0.0,1.0
2057,0.0,1.0
3024,0.0,1.0
695,1.0,0.0
2184,0.0,1.0
2364,0.0,1.0
2365,,
3328,0.0,1.0
2615,,
1862,0.0,1.0
2744,0.0,1.0
3663,0.0,1.0
3664,0.0,1.0
392,0.0,1.0
2891,0.0,1.0
3923,,
1311,0.0,1.0
2147,0.0,1.0
1421,0.0,1.0
3201,0.0,1.0
3134,0.0,1.0
3224,0.0,1.0
3089,1.0,0.0
959,0.0,1.0
978,0.0,1.0
3185,0.0,1.0
3414,0.0,1.0
3350,0.0,1.0
314,0.0,1.0
1935,0.0,1.0
3545,,
2670,,
1951,0.0,1.0
3655,0.0,1.0
3808,0.0,1.0
3811,0.0,1.0
3742,,
3816,,
1066,0.0,1.0
615,0.0,1.0
3910,,
1241,0.0,1.0
113,0.0,1.0
1731,0.0,1.0
2583,0.0,1.0
3882,,
3238,0.0,1.0
3316,0.0,1.0
3190,0.0,1.0
3511,0.0,1.0
3564,0.0,1.0
3743,0.0,1.0
3908,,
3784,0.0,1.0
3789,0.0,1.0
2130,0.0,1.0
1401,0.0,1.0
806,0.0,1.0
2069,0.0,1.0
664,0.0,1.0
2212,0.0,1.0
3015,0.0,1.0
2079,0.0,1.0
3103,0.0,1.0
3109,0.0,1.0
1432,0.0,1.0
1363,1.0,0.0
1366,0.0,1.0
2177,0.0,1.0
848,0.0,1.0
1450,0.0,1.0
782,0.0,1.0
929,0.0,1.0
2341,0.0,1.0
1477,0.0,1.0
1629,0.0,1.0
956,0.0,1.0
2435,0.0,1.0
2290,0.0,1.0
960,0.0,1.0
3317,0.0,1.0
974,0.0,1.0
1727,0.0,1.0
2457,0.0,1.0
3330,0.0,1.0
2472,0.0,1.0
132,0.0,1.0
3430,0.0,1.0
225,0.0,1.0
3518,0.0,1.0
3529,0.0,1.0
2729,0.0,1.0
3602,0.0,1.0
1934,0.0,1.0
1938,0.0,1.0
254,0.0,1.0
182,0.0,1.0
3613,0.0,1.0
2819,0.0,1.0
2820,0.0,1.0
2755,0.0,1.0
418,0.0,1.0
279,0.0,1.0
437,0.0,1.0
3724,0.0,1.0
3729,0.0,1.0
1050,0.0,1.0
3738,0.0,1.0
2939,,
451,0.0,1.0
2940,0.0,1.0
1209,0.0,1.0
78,0.0,1.0
79,0.0,1.0
82,1.0,0.0
1082,0.0,1.0
3841,0.0,1.0
1161,0.0,1.0
630,0.0,1.0
1099,0.0,1.0
3929,,
640,0.0,1.0
3007,0.0,1.0
3115,0.0,1.0
2505,0.0,1.0
1707,0.0,1.0
166,0.0,1.0
2596,0.0,1.0
2672,0.0,1.0
2678,0.0,1.0
1416,0.0,1.0
2913,0.0,1.0
9,0.0,1.0
2803,0.0,1.0
1919,1.0,0.0
637,0.0,1.0
973,0.0,1.0
1939,0.0,1.0
2929,0.0,1.0
3112,0.0,1.0
3069,0.0,1.0
1926,0.0,1.0
2690,0.0,1.0
2434,1.0,0.0
2439,0.0,1.0
1904,0.0,1.0
40,,
2995,,
43,0.0,1.0
2979,0.0,1.0
1187,0.0,1.0
3124,1.0,0.0
8,0.0,1.0
692,0.0,1.0
2170,0.0,1.0
2196,0.0,1.0
2448,0.0,1.0
990,0.0,1.0
2625,0.0,1.0
3444,0.0,1.0
240,,
1858,0.0,1.0
1004,0.0,1.0
2879,0.0,1.0
464,0.0,1.0
3767,0.0,1.0
3768,0.0,1.0
704,0.0,1.0
869,0.0,1.0
2357,,
577,0.0,1.0
801,1.0,0.0
2092,0.0,1.0
3054,,
1460,0.0,1.0
1551,1.0,0.0
2354,0.0,1.0
1489,0.0,1.0
885,0.0,1.0
1495,0.0,1.0
1582,0.0,1.0
3400,0.0,1.0
1592,0.0,1.0
2559,0.0,1.0
146,0.0,1.0
238,,
169,0.0,1.0
181,0.0,1.0
502,0.0,1.0
362,0.0,1.0
87,0.0,1.0
2899,0.0,1.0
558,0.0,1.0
700,0.0,1.0
2036,0.0,1.0
631,0.0,1.0
634,,
709,0.0,1.0
711,0.0,1.0
3946,,
3898,,
3710,0.0,1.0
536,0.0,1.0
3783,0.0,1.0
2771,0.0,1.0
1131,0.0,1.0
3282,0.0,1.0
2499,1.0,0.0
156,0.0,1.0
3606,0.0,1.0
1871,0.0,1.0
417,0.0,1.0
1024,0.0,1.0
298,0.0,1.0
72,0.0,1.0
84,0.0,1.0
2971,,
568,1.0,0.0
2873,0.0,1.0
2024,0.0,1.0
1178,0.0,1.0
1260,0.0,1.0
3093,0.0,1.0
2924,0.0,1.0
69,0.0,1.0
2519,0.0,1.0
2861,0.0,1.0
941,0.0,1.0
3324,0.0,1.0
3299,1.0,0.0
3825,0.0,1.0
3914,,
3859,0.0,1.0
754,0.0,1.0
3118,0.0,1.0
583,0.0,1.0
2157,0.0,1.0
826,0.0,1.0
2347,0.0,1.0
3384,0.0,1.0
438,0.0,1.0
1112,0.0,1.0
390,0.0,1.0
2927,0.0,1.0
2060,0.0,1.0
1437,0.0,1.0
2190,0.0,1.0
3141,0.0,1.0
2279,0.0,1.0
993,0.0,1.0
2582,0.0,1.0
12,0.0,1.0
294,1.0,0.0
373,0.0,1.0
63,0.0,1.0
2880,0.0,1.0
477,0.0,1.0
2073,0.0,1.0
1238,0.0,1.0
810,0.0,1.0
3895,,
2084,0.0,1.0
2169,0.0,1.0
1605,0.0,1.0
3225,0.0,1.0
1595,0.0,1.0
1750,0.0,1.0
2566,0.0,1.0
3515,1.0,0.0
2714,,
3453,0.0,1.0
3454,0.0,1.0
1881,0.0,1.0
2876,0.0,1.0
3824,1.0,0.0
2102,0.0,1.0
3776,0.0,1.0
2978,0.0,1.0
2048,0.0,1.0
667,0.0,1.0
1599,0.0,1.0
2476,0.0,1.0
204,0.0,1.0
1681,0.0,1.0
2818,0.0,1.0
3933,,
1349,0.0,1.0
3837,0.0,1.0
1542,0.0,1.0
2203,0.0,1.0
3870,0.0,1.0
2204,0.0,1.0
2210,0.0,1.0
1507,0.0,1.0
936,0.0,1.0
944,0.0,1.0
1596,0.0,1.0
1929,,
1936,0.0,1.0
1940,0.0,1.0
2904,,
3736,0.0,1.0
2937,0.0,1.0
1824,0.0,1.0
2938,0.0,1.0
3901,,
2535,0.0,1.0
3936,,
71,0.0,1.0
3791,0.0,1.0
3872,,
851,0.0,1.0
3177,0.0,1.0
3357,0.0,1.0
1755,0.0,1.0
3580,,
2877,0.0,1.0
3754,0.0,1.0
3915,,
2285,0.0,1.0
998,0.0,1.0
3029,0.0,1.0
1515,0.0,1.0
2181,0.0,1.0
1661,0.0,1.0
1925,0.0,1.0
1942,0.0,1.0
1167,0.0,1.0
3938,,
3913,,
3925,,
2098,0.0,1.0
2231,0.0,1.0
2280,0.0,1.0
1860,0.0,1.0
1325,0.0,1.0
2182,0.0,1.0
3883,,
3327,0.0,1.0
2099,0.0,1.0
3537,,
1995,0.0,1.0
2121,0.0,1.0
1322,0.0,1.0
1326,0.0,1.0
1328,0.0,1.0
1329,,
3941,,
3942,,
3013,0.0,1.0
2327,0.0,1.0
3138,0.0,1.0
2368,0.0,1.0
2515,,
2451,0.0,1.0
2525,0.0,1.0
3403,0.0,1.0
2634,0.0,1.0
2635,0.0,1.0
2645,0.0,1.0
2652,0.0,1.0
2736,0.0,1.0
2665,0.0,1.0
324,0.0,1.0
251,0.0,1.0
328,0.0,1.0
332,0.0,1.0
407,0.0,1.0
273,0.0,1.0
3491,,
3659,0.0,1.0
1987,0.0,1.0
1988,0.0,1.0
3806,0.0,1.0
1992,0.0,1.0
1128,0.0,1.0
1993,0.0,1.0
1996,,
1999,0.0,1.0
2878,0.0,1.0
606,0.0,1.0
2026,0.0,1.0
3840,0.0,1.0
3843,0.0,1.0
2104,0.0,1.0
3921,,
2113,0.0,1.0
892,0.0,1.0
241,0.0,1.0
3538,0.0,1.0
3934,,
742,0.0,1.0
3792,0.0,1.0
3001,0.0,1.0
3014,0.0,1.0
1355,0.0,1.0
687,,
2242,0.0,1.0
1389,0.0,1.0
2260,0.0,1.0
2267,0.0,1.0
3211,0.0,1.0
2343,0.0,1.0
875,,
3304,0.0,1.0
2518,0.0,1.0
101,0.0,1.0
2381,0.0,1.0
1807,0.0,1.0
2551,0.0,1.0
1841,0.0,1.0
3389,0.0,1.0
3465,0.0,1.0
2741,0.0,1.0
2745,,
2749,0.0,1.0
20,0.0,1.0
1890,,
3497,0.0,1.0
2928,0.0,1.0
2866,0.0,1.0
458,0.0,1.0
387,0.0,1.0
603,,
544,0.0,1.0
3766,0.0,1.0
3849,0.0,1.0
3125,0.0,1.0
1415,0.0,1.0
171,0.0,1.0
1879,0.0,1.0
1063,0.0,1.0
715,0.0,1.0
3865,0.0,1.0
3795,0.0,1.0
3150,0.0,1.0
2284,0.0,1.0
2561,0.0,1.0
1889,0.0,1.0
2769,0.0,1.0
3720,0.0,1.0
3822,0.0,1.0
3756,0.0,1.0
3857,0.0,1.0
3132,0.0,1.0
3073,0.0,1.0
3154,0.0,1.0
3311,0.0,1.0
1404,0.0,1.0
1439,0.0,1.0
1472,0.0,1.0
1647,0.0,1.0
1662,0.0,1.0
1053,0.0,1.0
384,0.0,1.0
2458,0.0,1.0
2654,0.0,1.0
1855,0.0,1.0
645,0.0,1.0
574,0.0,1.0
649,0.0,1.0
665,0.0,1.0
668,0.0,1.0
1354,0.0,1.0
781,0.0,1.0
1543,0.0,1.0
117,,
2609,,
3416,0.0,1.0
211,0.0,1.0
147,0.0,1.0
1900,,
306,0.0,1.0
1859,0.0,1.0
406,0.0,1.0
2696,0.0,1.0
2697,0.0,1.0
2925,0.0,1.0
3819,0.0,1.0
3746,0.0,1.0
535,0.0,1.0
627,,
97,0.0,1.0
2361,0.0,1.0
3064,0.0,1.0
129,0.0,1.0
1670,0.0,1.0
3579,0.0,1.0
3884,,
3719,0.0,1.0
512,0.0,1.0
548,0.0,1.0
1289,0.0,1.0
1454,0.0,1.0
793,,
3094,0.0,1.0
1780,,
1856,0.0,1.0
1932,0.0,1.0
3392,1.0,0.0
3395,0.0,1.0
1111,,
3813,0.0,1.0
549,0.0,1.0
2998,0.0,1.0
2360,0.0,1.0
213,0.0,1.0
206,0.0,1.0
2495,0.0,1.0
3539,0.0,1.0
3627,,
3679,1.0,0.0
1941,0.0,1.0
3801,0.0,1.0
3135,0.0,1.0
935,0.0,1.0
3292,,
3371,0.0,1.0
2570,0.0,1.0
2801,1.0,0.0
2862,0.0,1.0
3834,0.0,1.0
3853,0.0,1.0
3855,0.0,1.0
1194,0.0,1.0
760,0.0,1.0
1667,0.0,1.0
808,,
2086,,
2240,0.0,1.0
1445,0.0,1.0
3214,0.0,1.0
870,0.0,1.0
2626,,
3431,0.0,1.0
3432,0.0,1.0
3433,0.0,1.0
3434,0.0,1.0
2494,0.0,1.0
227,0.0,1.0
3385,0.0,1.0
3394,0.0,1.0
1008,,
408,0.0,1.0
338,,
426,0.0,1.0
3585,0.0,1.0
460,0.0,1.0
3117,0.0,1.0
1516,0.0,1.0
3055,0.0,1.0
787,,
3077,0.0,1.0
3192,,
3272,0.0,1.0
3275,0.0,1.0
2621,1.0,0.0
1910,0.0,1.0
308,0.0,1.0
2730,0.0,1.0
320,0.0,1.0
2594,,
2812,0.0,1.0
3625,0.0,1.0
3718,0.0,1.0
363,,
2859,0.0,1.0
1123,0.0,1.0
1055,0.0,1.0
1202,0.0,1.0
391,0.0,1.0
3903,,
3906,,
3858,0.0,1.0
759,,
3860,0.0,1.0
3950,,
1502,1.0,0.0
1539,0.0,1.0
1612,,
3302,,
1564,0.0,1.0
987,,
2482,0.0,1.0
1767,0.0,1.0
179,1.0,0.0
1896,0.0,1.0
3581,,
3598,0.0,1.0
68,1.0,0.0
3749,0.0,1.0
3823,0.0,1.0
2962,0.0,1.0
1236,0.0,1.0
638,0.0,1.0
325,0.0,1.0
274,0.0,1.0
1581,1.0,0.0
3415,0.0,1.0
3470,0.0,1.0
1273,0.0,1.0
2255,0.0,1.0
2295,0.0,1.0
3199,0.0,1.0
209,,
271,0.0,1.0
2905,0.0,1.0
352,0.0,1.0
2977,0.0,1.0
564,0.0,1.0
639,0.0,1.0
1812,0.0,1.0
1998,0.0,1.0
2988,0.0,1.0
2068,0.0,1.0
670,0.0,1.0
1361,0.0,1.0
2330,,
214,0.0,1.0
523,0.0,1.0
602,,
83,0.0,1.0
2022,0.0,1.0
809,0.0,1.0
1456,,
1604,0.0,1.0
1465,0.0,1.0
1473,1.0,0.0
1475,1.0,0.0
1497,0.0,1.0
2514,1.0,0.0
2516,0.0,1.0
1744,0.0,1.0
2548,1.0,0.0
1902,,
152,0.0,1.0
1771,,
1866,0.0,1.0
2597,0.0,1.0
1869,0.0,1.0
3709,0.0,1.0
2835,0.0,1.0
1119,,
479,0.0,1.0
2898,0.0,1.0
98,0.0,1.0
2974,0.0,1.0
3782,0.0,1.0
2996,0.0,1.0
1255,0.0,1.0
3520,0.0,1.0
2656,0.0,1.0
2666,0.0,1.0
3592,0.0,1.0
2035,0.0,1.0
3922,,
3924,,
831,,
1613,0.0,1.0
2504,1.0,0.0
2513,1.0,0.0
984,0.0,1.0
3401,0.0,1.0
3262,0.0,1.0
3673,0.0,1.0
3674,0.0,1.0
201,1.0,0.0
876,,
2372,0.0,1.0
3329,0.0,1.0
1728,0.0,1.0
1928,0.0,1.0
2587,0.0,1.0
1930,0.0,1.0
1933,,
255,,
1943,0.0,1.0
3475,0.0,1.0
1169,1.0,0.0
3002,0.0,1.0
669,0.0,1.0
3010,0.0,1.0
3951,,
1413,0.0,1.0
3885,,
680,0.0,1.0
3038,0.0,1.0
3047,0.0,1.0
2180,0.0,1.0
854,0.0,1.0
3075,0.0,1.0
2351,0.0,1.0
3235,0.0,1.0
1631,0.0,1.0
3090,0.0,1.0
3241,0.0,1.0
2512,0.0,1.0
2440,0.0,1.0
1572,,
970,0.0,1.0
3188,,
2488,0.0,1.0
2630,,
3379,0.0,1.0
2579,0.0,1.0
3456,,
2659,0.0,1.0
183,0.0,1.0
3547,0.0,1.0
2824,0.5,0.5
3559,0.0,1.0
2689,0.0,1.0
2830,,
3568,0.0,1.0
3731,0.0,1.0
2864,0.0,1.0
1132,0.0,1.0
1068,0.0,1.0
3680,1.0,0.0
99,0.0,1.0
2970,0.0,1.0
1232,0.0,1.0
3127,1.0,0.0
2271,0.0,1.0
3281,,
2590,0.0,1.0
1044,0.0,1.0
3041,0.0,1.0
3391,0.0,1.0
3715,0.0,1.0
3144,0.0,1.0
1825,,
31,0.0,1.0
1323,0.0,1.0
2475,0.0,1.0
3449,0.0,1.0
2552,0.0,1.0
573,1.0,0.0
2994,0.0,1.0
3008,0.0,1.0
685,0.0,1.0
3128,0.0,1.0
1397,1.0,0.0
1399,0.0,1.0
2276,0.0,1.0
1547,0.0,1.0
1482,0.0,1.0
1725,0.0,1.0
988,1.0,0.0
2610,0.0,1.0
1811,0.0,1.0
2479,0.0,1.0
2493,0.0,1.0
2711,0.0,1.0
301,1.0,0.0
2679,1.0,0.0
3711,0.0,1.0
369,0.0,1.0
57,1.0,0.0
388,0.0,1.0
613,0.0,1.0
2963,0.0,1.0
621,0.0,1.0
483,0.0,1.0
3839,0.0,1.0
409,0.0,1.0
1062,0.0,1.0
3886,,
761,0.0,1.0
1626,0.0,1.0
2614,0.0,1.0
504,0.0,1.0
3810,0.0,1.0
547,0.0,1.0
2894,1.0,0.0
776,0.0,1.0
137,0.0,1.0
3909,,
747,0.0,1.0
717,1.0,0.0
3867,,
3796,0.0,1.0
725,0.0,1.0
3031,,
2305,0.0,1.0
1503,0.0,1.0
767,0.0,1.0
774,,
2425,0.0,1.0
3158,0.0,1.0
3245,0.0,1.0
3181,1.0,0.0
2602,0.0,1.0
1741,0.0,1.0
2624,0.0,1.0
2483,0.0,1.0
1844,0.0,1.0
3459,0.0,1.0
2585,,
3532,0.0,1.0
1867,0.0,1.0
1795,,
1796,0.0,1.0
1891,0.0,1.0
2768,0.0,1.0
2844,0.0,1.0
1105,0.0,1.0
1058,0.0,1.0
525,0.0,1.0
67,0.0,1.0
80,0.0,1.0
3902,,
488,0.0,1.0
632,0.0,1.0
635,0.0,1.0
495,,
1646,0.0,1.0
1550,0.0,1.0
2445,0.0,1.0
27,1.0,0.0
295,0.0,1.0
3761,,
3162,,
1874,0.0,1.0
2865,0.5,0.5
1346,0.0,1.0
3180,0.0,1.0
1746,1.0,0.0
2651,0.0,1.0
1854,0.0,1.0
174,0.0,1.0
191,,
414,0.0,1.0
354,0.0,1.0
430,0.0,1.0
433,0.0,1.0
2889,0.0,1.0
710,,
1642,0.0,1.0
2589,0.0,1.0
2695,0.0,1.0
3945,,
2307,0.0,1.0
3165,0.0,1.0
3653,0.0,1.0
2129,,
3947,,
149,0.0,1.0
3149,0.0,1.0
2785,0.0,1.0
1427,0.0,1.0
917,0.0,1.0
1523,,
1531,0.0,1.0
2999,,
1410,0.0,1.0
2809,0.0,1.0
1317,0.0,1.0
2051,0.0,1.0
2151,0.0,1.0
3042,0.0,1.0
3043,,
3048,0.0,1.0
2345,,
2286,0.0,1.0
3161,,
964,0.0,1.0
102,0.0,1.0
119,,
131,0.0,1.0
3427,0.0,1.0
1839,0.0,1.0
1857,0.0,1.0
1863,0.0,1.0
3622,0.0,1.0
2685,,
3496,0.0,1.0
505,0.0,1.0
444,0.0,1.0
3804,,
537,0.0,1.0
3695,0.0,1.0
2031,0.0,1.0
2032,0.0,1.0
2900,0.0,1.0
1484,0.0,1.0
1076,0.0,1.0
570,,
662,0.0,1.0
1533,0.0,1.0
1471,0.0,1.0
877,0.0,1.0
3187,,
1585,,
1664,,
3343,0.0,1.0
263,0.0,1.0
3562,1.0,0.0
3716,0.0,1.0
1114,0.0,1.0
1150,0.0,1.0
2964,0.0,1.0
2062,1.0,0.0
3050,0.0,1.0
2569,0.0,1.0
3563,0.0,1.0
2839,0.0,1.0
3851,,
2075,0.0,1.0
3544,0.0,1.0
811,0.0,1.0
751,0.0,1.0
1508,0.0,1.0
3221,0.0,1.0
958,0.0,1.0
128,,
3577,,
2008,,
77,1.0,0.0
3830,0.0,1.0
2897,0.0,1.0
3854,,
250,0.0,1.0
1423,0.0,1.0
844,,
3215,0.0,1.0
3222,0.0,1.0
3171,0.0,1.0
3714,0.0,1.0
3586,,
3734,0.0,1.0
2704,0.0,1.0
1382,0.0,1.0
3139,0.0,1.0
2477,0.0,1.0
3367,0.0,1.0
2655,,
3487,0.0,1.0
2902,0.0,1.0
3732,0.0,1.0
210,0.0,1.0
2627,0.0,1.0
3667,0.0,1.0
1870,,
2751,0.0,1.0
1134,,
3765,0.0,1.0
3572,0.0,1.0
2799,0.0,1.0
619,0.0,1.0
2848,0.0,1.0
1598,0.0,1.0
3931,,
2992,,
1330,0.0,1.0
1335,0.0,1.0
3021,0.0,1.0
841,0.0,1.0
3058,0.0,1.0
3351,0.0,1.0
2636,0.0,1.0
2740,0.0,1.0
3488,0.0,1.0
2903,0.0,1.0
3573,0.0,1.0
2784,0.0,1.0
3833,,
3838,0.0,1.0
3692,0.0,1.0
2095,0.0,1.0
3339,,
2362,0.0,1.0
2388,0.0,1.0
3569,,
652,0.0,1.0
755,0.0,1.0
834,0.0,1.0
882,0.0,1.0
3345,,
2886,0.0,1.0
3777,0.0,1.0
1496,0.0,1.0
656,0.0,1.0
3119,0.0,1.0
3318,0.0,1.0
3335,0.0,1.0
3344,0.0,1.0
3346,0.0,1.0
2545,,
1743,,
1695,,
3490,0.0,1.0
3651,0.0,1.0
2855,0.0,1.0
1989,0.0,1.0
1990,0.0,1.0
2868,0.0,1.0
600,,
1165,1.0,0.0
1002,,
3372,0.0,1.0
840,0.0,1.0
865,0.0,1.0
867,0.0,1.0
2446,0.0,1.0
1679,0.0,1.0
1822,0.0,1.0
3531,0.0,1.0
3645,1.0,0.0
3669,0.0,1.0
1164,0.0,1.0
1362,0.0,1.0
3446,0.0,1.0
681,0.0,1.0
1332,0.0,1.0
2464,0.0,1.0
3276,0.0,1.0
3133,0.0,1.0
3310,0.0,1.0
3665,0.0,1.0
3781,0.0,1.0
1826,0.0,1.0
343,1.0,0.0
484,0.0,1.0
2219,0.0,1.0
2256,0.0,1.0
726,0.0,1.0
3106,0.0,1.0
2237,0.0,1.0
2521,0.0,1.0
2386,,
3289,0.0,1.0
3445,0.0,1.0
331,0.0,1.0
375,0.0,1.0
722,,
3894,,
1384,,
2673,0.0,1.0
2825,0.0,1.0
2843,,
1039,,
2933,,
1163,,
1525,0.0,1.0
3239,0.0,1.0
1490,0.0,1.0
3240,0.0,1.0
243,,
1798,0.0,1.0
470,0.0,1.0
1351,0.0,1.0
1511,0.0,1.0
2175,,
2281,0.0,1.0
2293,1.0,0.0
1651,0.0,1.0
3183,1.0,0.0
997,0.0,1.0
2620,,
1791,0.0,1.0
1006,0.0,1.0
335,0.0,1.0
422,0.0,1.0
75,0.0,1.0
2885,1.0,0.0
2400,0.0,1.0
1067,0.0,1.0
2733,0.0,1.0
1153,0.0,1.0
1383,0.0,1.0
2810,0.0,1.0
49,1.0,0.0
939,0.0,1.0
1817,0.0,1.0
1749,0.0,1.0
3670,0.0,1.0
124,0.0,1.0
1659,0.0,1.0
228,0.0,1.0
1773,0.0,1.0
2767,0.0,1.0
283,0.0,1.0
478,0.0,1.0
2298,0.0,1.0
881,0.0,1.0
3626,0.0,1.0
807,1.0,0.0
2055,0.0,1.0
2896,0.0,1.0
1906,0.0,1.0
96,0.0,1.0
1406,,
2063,0.0,1.0
3817,,
1149,,
1341,0.0,1.0
2465,0.0,1.0
2754,0.0,1.0
3637,0.0,1.0
2853,,
746,0.0,1.0
2618,0.0,1.0
3374,,
106,0.0,1.0
1809,0.0,1.0
1455,0.0,1.0
705,0.0,1.0
2715,0.0,1.0
1758,0.0,1.0
828,0.0,1.0
2837,1.0,0.0
626,0.0,1.0
1865,1.0,0.0
3739,0.0,1.0
2179,0.0,1.0
3293,1.0,0.0
3912,,
2074,0.0,1.0
1538,0.5,0.5
3790,0.0,1.0
3428,0.0,1.0
2847,0.0,1.0
2854,,
3832,,
3691,0.0,1.0
2128,0.0,1.0
1336,0.0,1.0
2326,0.0,1.0
2737,0.0,1.0
3721,0.0,1.0
2044,0.0,1.0
2982,0.0,1.0
2275,,
1837,0.0,1.0
1113,0.0,1.0
1133,,
347,0.0,1.0
1720,,
1440,0.0,1.0
578,0.0,1.0
3410,,
411,0.0,1.0
658,,
2931,0.0,1.0
2911,1.0,0.0
3892,,
3122,0.0,1.0
3143,0.0,1.0
3368,0.0,1.0
2481,0.0,1.0
2201,0.0,1.0
2342,0.0,1.0
1656,1.0,0.0
1312,1.0,0.0
1000,,
212,0.0,1.0
56,0.0,1.0
1412,0.0,1.0
462,0.0,1.0
121,0.0,1.0
3648,0.0,1.0
1893,1.0,0.0
716,0.0,1.0
2586,,
1579,0.0,1.0
2522,0.0,1.0
37,0.0,1.0
2487,0.0,1.0
3900,,
2056,0.0,1.0
2131,0.0,1.0
731,0.0,1.0
1447,0.0,1.0
2850,0.0,1.0
3805,0.0,1.0
1501,0.0,1.0
103,0.0,1.0
2778,0.0,1.0
1056,0.0,1.0
61,0.0,1.0
1903,0.0,1.0
2486,1.0,0.0
2834,0.0,1.0
200,0.0,1.0
270,0.0,1.0
1899,,
2158,,
3737,0.0,1.0
3875,,
1087,0.0,1.0
2743,0.0,1.0
114,0.0,1.0
3940,,
443,0.0,1.0
2211,0.0,1.0
2227,0.0,1.0
992,1.0,0.0
3291,0.0,1.0
3442,0.0,1.0
1853,0.0,1.0
2164,0.0,1.0
3313,0.0,1.0
2753,0.0,1.0
3632,0.0,1.0
3314,0.0,1.0
2658,0.0,1.0
3611,0.0,1.0
3878,,
888,0.0,1.0
1570,0.0,1.0
3759,0.0,1.0
3775,0.0,1.0
3848,0.0,1.0
402,0.0,1.0
3137,0.0,1.0
576,,
2631,0.0,1.0
297,0.0,1.0
1558,1.0,0.0
1565,0.0,1.0
3588,0.0,1.0
1549,1.0,0.0
1692,,
1168,0.0,1.0
2869,0.0,1.0
3862,0.0,1.0
3140,,
3944,,
2892,0.0,1.0
3866,0.0,1.0
3891,,
3899,,
1026,0.0,1.0
3025,0.0,1.0
3407,0.0,1.0
3463,0.0,1.0
1170,0.0,1.0
304,0.0,1.0
2452,0.0,1.0
2842,0.0,1.0
3223,0.0,1.0
1846,0.0,1.0
1567,0.0,1.0
136,0.0,1.0
3378,0.0,1.0
3232,0.0,1.0
1458,0.0,1.0
2466,0.0,1.0
2536,0.0,1.0
386,0.0,1.0
554,0.0,1.0
2200,0.0,1.0
850,0.0,1.0
545,0.0,1.0
1117,,
614,1.0,0.0
2577,0.0,1.0
167,0.0,1.0
2773,0.0,1.0
1040,0.0,1.0
385,0.0,1.0
3803,0.0,1.0
2593,0.0,1.0
2760,0.0,1.0
1696,0.0,1.0
2397,0.0,1.0
2756,,
3575,0.0,1.0
3845,0.0,1.0
3306,0.0,1.0
2207,0.0,1.0
1494,0.0,1.0
2509,0.0,1.0
3184,1.0,0.0
3647,0.0,1.0
2727,0.0,1.0
244,,
2304,0.0,1.0
2914,0.0,1.0
2960,0.0,1.0
2061,,
2317,0.0,1.0
2185,0.0,1.0
2187,0.0,1.0
1864,0.0,1.0
734,0.0,1.0
2215,0.0,1.0
1493,1.0,0.0
1829,,
2675,1.0,0.0
1151,0.0,1.0
2510,0.0,1.0
1793,0.0,1.0
3570,,
3026,,
2156,0.0,1.0
2251,0.0,1.0
3880,,
1668,0.0,1.0
1814,0.0,1.0
3495,,
1514,0.0,1.0
1561,1.0,0.0
3319,0.0,1.0
359,1.0,0.0
2945,0.0,1.0
310,0.0,1.0
925,0.0,1.0
1901,,
2578,1.0,0.0
59,0.0,1.0
3523,0.0,1.0
2283,0.0,1.0
2449,0.0,1.0
452,0.0,1.0
2244,1.0,0.0
397,,
2332,0.0,1.0
1575,,
756,1.0,0.0
2691,0.0,1.0
2813,0.0,1.0
2538,0.0,1.0
2191,0.0,1.0
792,0.0,1.0
3218,0.0,1.0
3402,0.0,1.0
3800,0.0,1.0
3850,,
3333,0.0,1.0
2981,,
821,,
220,0.0,1.0
1426,0.0,1.0
2350,0.0,1.0
2556,,
1144,,
2934,,
1622,0.0,1.0
1636,0.0,1.0
980,0.0,1.0
814,,
394,0.0,1.0
702,0.0,1.0
744,0.0,1.0
2246,0.0,1.0
1486,,
1154,0.0,1.0
1160,0.0,1.0
1504,1.0,0.0
2197,0.0,1.0
1574,0.0,1.0
33,0.0,1.0
3574,0.0,1.0
2775,1.0,0.0
389,0.0,1.0
1071,0.0,1.0
559,0.0,1.0
1671,0.0,1.0
3482,0.0,1.0
3126,0.0,1.0
1324,0.0,1.0
189,0.0,1.0
1174,0.0,1.0
1898,0.0,1.0
108,,
2758,0.0,1.0
3209,0.0,1.0
2192,0.0,1.0
1519,,
1098,0.0,1.0
1369,1.0,0.0
3151,0.0,1.0
1038,0.0,1.0
2923,,
3027,0.0,1.0
1433,1.0,0.0
3847,,
3757,0.0,1.0
3772,0.0,1.0
2257,0.0,1.0
3492,0.0,1.0
598,0.0,1.0
563,0.0,1.0
729,,
730,0.0,1.0
758,,
2233,0.0,1.0
2234,1.0,0.0
2441,0.0,1.0
245,0.0,1.0
1872,0.0,1.0
264,0.0,1.0
3636,0.0,1.0
1116,0.0,1.0
672,1.0,0.0
682,0.0,1.0
698,0.0,1.0
3116,0.0,1.0
862,1.0,0.0
2503,0.0,1.0
895,0.0,1.0
2557,0.0,1.0
2705,,
197,0.0,1.0
2765,0.0,1.0
53,0.0,1.0
526,0.0,1.0
90,0.0,1.0
567,0.0,1.0
962,0.0,1.0
618,,
2172,1.0,0.0
120,0.0,1.0
2209,0.0,1.0
703,1.0,0.0
3003,0.0,1.0
967,0.0,1.0
2814,0.0,1.0
2823,0.0,1.0
3486,0.0,1.0
3642,0.0,1.0
972,0.0,1.0
641,,
2608,0.0,1.0
1444,0.0,1.0
1850,,
3657,0.0,1.0
1138,,
2776,,
1436,0.0,1.0
769,0.0,1.0
985,,
1675,0.0,1.0
2576,1.0,0.0
3542,,
192,0.0,1.0
2127,,
887,0.0,1.0
712,1.0,0.0
2831,0.0,1.0
2358,,
1849,0.0,1.0
1121,,
1181,0.0,1.0
2562,1.0,0.0
3205,0.0,1.0
3644,0.0,1.0
401,,
2221,0.0,1.0
3131,,
3228,0.0,1.0
1315,,
864,0.0,1.0
219,0.0,1.0
3294,0.0,1.0
3305,0.0,1.0
3380,0.0,1.0
643,0.0,1.0
3419,0.0,1.0
2632,0.0,1.0
3888,,
823,0.0,1.0
2619,,
1877,0.0,1.0
3722,,
2101,0.0,1.0
2563,0.0,1.0
3905,,
853,,
3904,,
1548,0.0,1.0
1878,1.0,0.0
666,0.0,1.0
1360,0.0,1.0
1364,0.0,1.0
696,0.0,1.0
3517,,
2984,0.0,1.0
3601,0.0,1.0
3322,0.0,1.0
3303,0.0,1.0
3887,,
579,0.0,1.0
2235,0.0,1.0
789,1.0,0.0
796,,
3212,0.0,1.0
3216,0.0,1.0
2277,0.0,1.0
3220,0.0,1.0
1630,,
977,0.0,1.0
1652,0.0,1.0
2484,0.0,1.0
1852,0.0,1.0
3621,0.0,1.0
2821,0.0,1.0
3493,0.0,1.0
3641,0.0,1.0
1115,,
1118,0.0,1.0
601,0.0,1.0
3828,0.0,1.0
1142,0.0,1.0
1145,,
3687,1.0,0.0
2887,0.0,1.0
623,,
644,,
651,0.0,1.0
3876,,
660,0.0,1.0
1510,0.0,1.0
1386,,
859,0.0,1.0
3136,0.0,1.0
1553,,
3166,0.0,1.0
3312,0.0,1.0
1718,0.0,1.0
3321,0.0,1.0
142,0.0,1.0
1908,0.0,1.0
1764,,
2584,0.0,1.0
1787,,
2742,,
3778,0.0,1.0
3283,0.0,1.0
884,0.0,1.0
3085,0.0,1.0
1685,0.0,1.0
3748,0.0,1.0
1528,,
2591,,
3595,0.0,1.0
815,,
2254,0.0,1.0
2299,0.5,0.5
1520,0.0,1.0
775,,
1420,0.0,1.0
684,0.0,1.0
690,0.0,1.0
1534,1.0,0.0
3652,0.0,1.0
3277,0.0,1.0
3666,0.0,1.0
3522,0.0,1.0
3295,0.0,1.0
3377,0.0,1.0
557,0.0,1.0
1107,1.0,0.0
560,,
3458,0.0,1.0
706,0.0,1.0
2226,0.0,1.0
1815,0.0,1.0
2444,,
3353,,
3288,0.5,0.5
3352,,
1770,0.0,1.0
398,0.0,1.0
989,0.0,1.0
2783,0.0,1.0
1532,0.0,1.0
966,,
874,0.0,1.0
1886,0.0,1.0
2592,,
657,,
3890,,
2039,,
749,0.0,1.0
3818,0.0,1.0
582,0.0,1.0
642,0.0,1.0
3297,0.0,1.0
732,0.0,1.0
2930,,
3057,0.0,1.0
3472,,
130,1.0,0.0
139,,
2955,,
655,0.0,1.0
3485,0.0,1.0
790,0.0,1.0
1915,0.0,1.0
2833,0.0,1.0
1714,0.0,1.0
3207,0.0,1.0
3242,0.0,1.0
3533,0.0,1.0
1851,0.0,1.0
1830,0.0,1.0
3881,,
2777,0.0,1.0
3443,0.0,1.0
757,0.0,1.0
2895,0.0,1.0
889,0.0,1.0
1470,0.0,1.0
981,0.0,1.0
679,0.0,1.0
3373,0.0,1.0
872,,
3381,1.0,0.0
1555,0.0,1.0
3779,,
791,,
3609,,
1430,0.0,1.0
1724,0.0,1.0
2223,0.0,1.0
3233,0.0,1.0
3237,,
3762,,
3172,,
3065,0.0,1.0
3631,,
1139,,
3603,0.0,1.0
3842,0.0,1.0
572,,
2213,0.0,1.0
2217,0.0,1.0
3202,0.0,1.0
975,0.0,1.0
3376,0.0,1.0
311,0.0,1.0
1905,0.0,1.0
2258,0.0,1.0
2623,0.0,1.0
3236,0.0,1.0
396,0.0,1.0
868,,
3413,0.0,1.0
1316,0.0,1.0
878,0.0,1.0
226,0.0,1.0
2811,,
827,0.0,1.0
584,0.0,1.0
1820,1.0,0.0
607,0.0,1.0
701,0.0,1.0
2214,0.0,1.0
763,0.0,1.0
3229,0.0,1.0
820,,
3337,,
138,0.0,1.0
530,0.0,1.0
1070,0.0,1.0
843,,
3336,0.0,1.0
3460,0.0,1.0
3123,0.0,1.0
133,0.0,1.0
3290,,
1709,,
3164,0.0,1.0
3315,0.0,1.0
1832,0.0,1.0
439,0.0,1.0
134,,
2480,1.0,0.0
1842,0.0,1.0
2309,0.0,1.0
3084,0.0,1.0
2218,0.0,1.0
2308,0.0,1.0
624,0.0,1.0
1434,0.0,1.0
1868,0.0,1.0
404,0.0,1.0
2543,0.0,1.0
591,,
3656,0.0,1.0
2438,0.0,1.0
3323,,
127,,
3382,,
1843,0.0,1.0
286,0.0,1.0
3530,0.0,1.0
2198,,
2703,0.0,1.0
2845,0.0,1.0
3607,0.0,1.0
2909,,
